nim,password,role
1000,fXHIxmbW,admin
1001,bBa8WgeF,user
1002,LZsHJVTX,admin
1003,m93H18E4,user
1004,AbG82ES6,admin
1005,iukIhHiq,user
1006,39az7A8T,user
1007,jx3lXeXm,admin
1008,I7jtRF9y,staff
1009,YdgdsP52,user
1010,EJJW07Eg,admin
1011,veJidh1M,staff
1012,Ox2lGAZs,staff
1013,2Ge02VBo,admin
1014,5cAnEH7J,staff
1015,dzwtyVlI,user
1016,YSBdzEjL,staff
1017,Fz67usGw,staff
1018,FrSMIOML,user
1019,TJqe9SWR,user
1020,96vAh8BM,staff
1021,XmtezWkC,user
1022,V8wIAEP9,admin
1023,fhT2lL5e,admin
1024,xpWSTlSt,staff
1025,YDVpSBA5,user
1026,3Zu1avjm,user
1027,K3Wz2fGO,user
1028,pyQ9wWY0,admin
1029,gIOY6FKG,user
1030,L28BqjYW,user
1031,HClrAcIi,staff
1032,scpDO98q,admin
1033,IaPuEsbM,staff
1034,LdCz9jUe,user
1035,yhIyh5xQ,staff
1036,ZYwrbiN7,staff
1037,Bfs34Bty,admin
1038,XXsUxjJy,staff
1039,J7xax4Ua,user
1040,Yq7OlCwH,admin
1041,ab7oHVff,staff
1042,mhZpdeE5,staff
1043,z7MBUgR6,user
1044,iyFyccT1,staff
1045,z09BrWDL,user
1046,HRHWUsta,admin
1047,5u500sN7,user
1048,Y6NIvgWN,admin
1049,ZfaASHJz,staff
1050,qxU3i5ef,user
1051,os29JY5U,staff
1052,aXYF87d8,staff
1053,20YrMNsM,staff
1054,JDb7h6c9,staff
1055,AtEHffNr,admin
1056,QZeiw1XM,user
1057,1NyyIc6b,admin
1058,sygiyQ9q,user
1059,kLpoo5yI,admin
1060,wfzaVO5F,admin
1061,8HCOIwNn,staff
1062,9tlmwlAn,user
1063,FDJt2HnG,admin
1064,SqUTljQX,user
1065,Kad0viBC,admin
1066,BBYGo1cm,staff
1067,f67i0i19,admin
1068,jK0KGQQ0,admin
1069,svOgbxZd,staff
1070,RnVdCYXD,user
1071,fV5qN9Hb,staff
1072,0KLLTaZs,admin
1073,SgUWtUy4,admin
1074,AZAE0WUY,admin
1075,4RpKVU3V,staff
1076,4Ulxphbm,user
1077,LSG1vJZ3,admin
1078,oFeu4dwY,staff
1079,7BAkIpqM,user
1080,jp2CcwoC,staff
1081,auizNnAi,user
1082,3MfG7GXU,staff
1083,mVboYtha,admin
1084,XE2UFvYB,staff
1085,fImRT3uE,admin
1086,A6MLtkri,staff
1087,vv7lIvxy,admin
1088,VjEgEoKg,admin
1089,cMPsY4aS,user
1090,caY9hzUc,user
1091,n7Uxw8hm,user
1092,lhVbhfa7,staff
1093,M0vmWWlM,user
1094,OH7TQ4vx,admin
1095,Jy8bXxh2,admin
1096,EaqUQ5rH,admin
1097,4VR64Iy2,staff
1098,YTAKNLXh,admin
1099,GP1zKrOV,admin
1100,5NvHgDzM,user
1101,KOeNM4Nj,staff
1102,Dqe2h1yT,user
1103,WbZZhrtx,user
1104,SHKyP5lw,admin
1105,A9RsDAlQ,staff
1106,zo54oTDI,admin
1107,J61qYDWl,admin
1108,umhL460a,admin
1109,5oTnUyop,user
1110,I2XMA8qm,admin
1111,Qrq1sqKh,staff
1112,s1iezNx8,staff
1113,FcYHpmi9,user
1114,oVJj58mJ,staff
1115,e8GUpfPj,staff
1116,NJLkI6Lm,staff
1117,58CUBvp3,staff
1118,faMGGFwU,staff
1119,sFcznX2c,staff
1120,beAwRdpN,user
1121,2HmDgi9L,staff
1122,BGPXcy3H,staff
1123,zfpQB7PL,user
1124,w4jvOHZG,user
1125,dySIgMTV,admin
1126,Xk0tFXPb,admin
1127,LMeNz6wF,staff
1128,sr3rlsxN,admin
1129,BhkAbe1q,admin
1130,FSRa988e,staff
1131,cdwkulhE,admin
1132,m47fmE94,staff
1133,ISBZ8oti,staff
1134,w2Lpqp3I,admin
1135,xQAK52Qb,staff
1136,fpPD2eJe,admin
1137,T1FYbx6q,admin
1138,PJMWFpBg,staff
1139,X6JJxDHe,user
1140,3a3ORbkB,user
1141,GuLxyRZD,staff
1142,GVc1NkK0,staff
1143,spSJgTrk,staff
1144,Er3KtOLE,admin
1145,MlcQDRhp,admin
1146,GItchUP3,staff
1147,b23G7MUR,admin
1148,zVMECeh6,staff
1149,NkNFNrkQ,admin
1150,C7VVfhTS,user
1151,TzRNrpvK,staff
1152,AnYIH7z0,staff
1153,SzFNXViv,user
1154,Nwi4fLpl,staff
1155,whs7fOkF,staff
1156,lgQExtbt,admin
1157,JILM0Q6w,admin
1158,evXJUVwI,staff
1159,eKqwDEq0,user
1160,B9jq5le8,staff
1161,xpefeijP,staff
1162,336MZA41,staff
1163,mdM46VVv,admin
1164,X7tMAmwf,admin
1165,GGJyJ7Qc,staff
1166,ptWIFkgx,admin
1167,VLSpmHGS,staff
1168,10lplDna,user
1169,V53IXgbz,admin
1170,JSC9bsf6,user
1171,XQHnFslp,admin
1172,vjlZypl5,user
1173,weU7yZCt,staff
1174,7uGlpPNc,admin
1175,6GHLOE6A,staff
1176,AYMXLsd0,admin
1177,NCFH3ESN,user
1178,aSJblbrP,admin
1179,jTQnTrKk,user
1180,urLcAIdb,staff
1181,W7r7pPNw,user
1182,StWvu7fe,admin
1183,FBsYuTJL,admin
1184,STsy61Yh,admin
1185,e4GzUsIh,staff
1186,b38jnPZi,admin
1187,EeF7RvbF,staff
1188,Jzf9KV9A,admin
1189,EYyw51kQ,admin
1190,0oWaEcfM,user
1191,I2l7xQMj,user
1192,g12zvMPX,admin
1193,9aLhpxaa,admin
1194,dk9RGxVW,user
1195,eD3vFsk1,staff
1196,uvLk0Kw0,staff
1197,Y5BXCgra,staff
1198,eNLNCVdP,admin
1199,HrufwiA4,admin
1200,CjyNRfyI,admin
1201,Iv0clqrD,admin
1202,BvsCbuYO,staff
1203,TLioQSFW,user
1204,SnouZr5j,staff
1205,tRFsPubF,user
1206,wjJYITkT,user
1207,7tnkqQ12,admin
1208,LG535OVL,staff
1209,lFhKZii7,user
1210,AnEE2pk8,user
1211,1GsOJtO0,admin
1212,ZVALiRwZ,user
1213,pKfSzRGH,admin
1214,8jxXxcVe,staff
1215,YTVqIIQs,user
1216,Kjw4LHl3,staff
1217,3RMthylC,user
1218,A3Rk4nHE,admin
1219,rDXw2gFU,staff
1220,JRNjyOOa,admin
1221,JUpAuJaQ,staff
1222,tTbspNAH,admin
1223,esSHw6ay,admin
1224,q3Hic34k,admin
1225,tONWtz0z,user
1226,NfWrz0pD,admin
1227,wROyllLL,user
1228,V4cc3Erk,staff
1229,uOr2Hgoz,staff
1230,5JZvdErF,admin
1231,GPYSvycQ,staff
1232,LbFYAZJC,staff
1233,gUcYE2bp,user
1234,3cG8qh4y,admin
1235,MiNSw2rY,staff
1236,IRpTJWd5,admin
1237,A71siycc,staff
1238,2oH2Q0XK,admin
1239,F7mCIlvY,admin
1240,Q0WYvd8C,user
1241,j8fjppTR,user
1242,jsxTgwdW,staff
1243,fq1zl9qA,staff
1244,peseGm8U,user
1245,v4txTqfr,user
1246,FCff54ci,user
1247,NmyOhQ5C,staff
1248,RY4LNORu,staff
1249,F2Fqxj4h,admin
1250,dgkEGdF1,user
1251,nvZXQGur,admin
1252,e4GqMhOZ,user
1253,pl0PghsE,staff
1254,2NdZIPLD,user
1255,t8iRsOMk,staff
1256,liXEM7T0,admin
1257,Vzf9JKAc,staff
1258,TATSfwaN,user
1259,XPWxpav0,staff
1260,cdye5Cri,staff
1261,UltXWelm,staff
1262,ZiWPGJX5,user
1263,1crDoKCw,staff
1264,xSg5qtit,admin
1265,ObZ0DZUn,admin
1266,BRqUg1a2,user
1267,RVHDlyws,admin
1268,OEepKHTC,staff
1269,sDKmjeJd,user
1270,NOKORf5j,user
1271,ouVx9XO5,admin
1272,eLUEhgCA,staff
1273,JHS8IASs,user
1274,Low7uLVC,staff
1275,MrxWMEgC,staff
1276,BELX3WZ1,user
1277,JWGrO7ZS,staff
1278,289KSngK,staff
1279,fae20gn9,admin
1280,49aRUWk7,user
1281,SCx2Llat,admin
1282,zAqUiJoL,admin
1283,75muxroc,admin
1284,lGn8AxOY,staff
1285,UqQkFelN,admin
1286,IZRRT24n,staff
1287,hSPRXnTb,staff
1288,yYKB3mZ2,staff
1289,KiqA6W03,admin
1290,1fcPilA3,user
1291,vF45uHmP,user
1292,hHZM1Akd,admin
1293,jZSle7Ls,user
1294,J11TizXf,staff
1295,SDAQfwUw,staff
1296,0v5MZ9h1,user
1297,5VbsFNEw,staff
1298,NI6Ankoj,staff
1299,790V1cT7,user
1300,8RAuJFmP,user
1301,Iaf74zok,admin
1302,5vzBwWBP,user
1303,LwibLwbL,user
1304,pCMk2mod,staff
1305,PG2treEa,staff
1306,PCSqcrW4,admin
1307,5NSft5ca,staff
1308,JBiINOaP,user
1309,s5Y5Z2XB,user
1310,7m8eQi8d,user
1311,IevJjkl1,staff
1312,QDfm8hpa,admin
1313,JVXkVzcz,staff
1314,At9gDCxq,user
1315,B8iNn9jI,admin
1316,kTkNu8pg,admin
1317,StJC55jP,user
1318,dEIyi3b5,admin
1319,zniFmP3y,staff
1320,w5kAP2DT,staff
1321,rYwyg6Yq,staff
1322,71h2P6oG,user
1323,diwtKGpf,staff
1324,6dy4Fpme,user
1325,sceO2ERW,staff
1326,kYgXQca8,admin
1327,Oq5dM4ln,user
1328,WJApA2Z0,staff
1329,ewE0AS12,user
1330,hdSeU0Dx,staff
1331,fxlQjbil,admin
1332,fx2YHdAw,user
1333,3MTznZNS,user
1334,sNff9M9r,admin
1335,raSWqZDM,admin
1336,ydjVNpZe,staff
1337,VjjxvmR2,admin
1338,zLBDJbEN,user
1339,8WWKpOSS,user
1340,6eublxHW,admin
1341,Hmor7I6q,admin
1342,2xl8Q5dU,user
1343,8qFvWrLM,admin
1344,LPyri2lT,staff
1345,tWF5cga2,user
1346,hnPwcP7b,staff
1347,BZY8zlUg,user
1348,CjbRBr9b,staff
1349,gLUSXojl,user
1350,BOcLI98Z,user
1351,pBfA6qN0,staff
1352,UNRjMnCQ,user
1353,inEvoIWH,admin
1354,yB90TZGV,user
1355,IUeZKaYv,admin
1356,PZDekKRh,admin
1357,YRv9Flms,admin
1358,0UHe8pSo,staff
1359,u35ORzA5,staff
1360,AVQV846L,user
1361,zjvLEou5,staff
1362,hXrireqX,user
1363,yjSTKIyJ,user
1364,7Z5ENYY6,admin
1365,WbWAZa6y,user
1366,p5E91NlI,admin
1367,aoK6GR9c,user
1368,mR3fW0VG,staff
1369,28V7CqJD,admin
1370,XucLTE0e,staff
1371,jqgjvt5f,user
1372,0k2yh3GC,staff
1373,rlyqGd9B,admin
1374,4Xc7QZxZ,staff
1375,iAZZmCxp,admin
1376,MDp4obff,user
1377,nFmjYyvZ,user
1378,nvCIyccO,admin
1379,dCQiZW41,user
1380,5l9nJpgA,staff
1381,VLhjdwHa,admin
1382,W3vR8H4v,staff
1383,L6TrX4hd,admin
1384,avYgCqjt,admin
1385,lW29zjSH,admin
1386,IXvG7MVZ,user
1387,pxy6qKIv,user
1388,idHwwGvW,admin
1389,7d6U85yl,user
1390,lt8u9ccp,admin
1391,nJEEMOVQ,staff
1392,U4g063Xa,user
1393,TeTlGfh0,staff
1394,Rzllr9F1,admin
1395,egZGzLHE,staff
1396,J8rIKT2b,staff
1397,wGSq70gq,admin
1398,lvx9n2lA,admin
1399,qybGfTuc,admin
1400,2ptYyPqn,admin
1401,cus9JogU,staff
1402,2Jg7k0w2,admin
1403,Qw7slEjM,staff
1404,phuHAvSA,admin
1405,mHoUnR4f,admin
1406,KpCKnpHY,staff
1407,pzKOVBdP,user
1408,eGlKsutE,staff
1409,MnRhIjm1,admin
1410,CqLTh47W,user
1411,7NMqHkAe,staff
1412,WCk36i8b,admin
1413,2bJhST4c,admin
1414,clMEOdXF,staff
1415,b333NAwr,admin
1416,p6EOEBhx,user
1417,0s89vDAZ,admin
1418,5Y92kz3H,staff
1419,OiwH3kH4,user
1420,me5cXoDJ,staff
1421,I0ENLeLd,admin
1422,5945K9c1,admin
1423,sEvpHOuz,staff
1424,Rhhghwhu,admin
1425,A86Lh4Fd,staff
1426,pDQHqD4v,staff
1427,LWdk8Kf6,user
1428,cyRudiOo,user
1429,hS7LhjqD,admin
1430,T6KS57KL,admin
1431,TlMHSVKL,user
1432,eSn7MNrX,admin
1433,ydy7uUgV,user
1434,9Vf0KsOp,admin
1435,EpS3yRsj,user
1436,9QVinDO7,staff
1437,aQUPOcDd,user
1438,IS1j2feX,admin
1439,igC9zloI,admin
1440,TZCbwkvb,user
1441,S25TUH3z,admin
1442,eLL0V3sR,staff
1443,NYlqUH6I,staff
1444,tnWx5AGy,user
1445,Pvt4rcIX,user
1446,J0ahdTR2,user
1447,Vutzd3Sa,staff
1448,rAjTzxYv,staff
1449,yXvpHwr2,staff
1450,bKVkewPQ,admin
1451,Gf09fImZ,staff
1452,wxnva7gt,user
1453,6mGvvRa5,user
1454,KXCwHMkM,admin
1455,iaGdyFq2,user
1456,nTq895LO,staff
1457,xjfojHVK,user
1458,u8BQnrS5,staff
1459,J5T9BwRF,admin
1460,FWhoIK7u,user
1461,eOfqgZ1Z,staff
1462,SXIc4Mo8,user
1463,lNCGhLsI,admin
1464,SNZ4aDnf,staff
1465,hQ4Gshq0,admin
1466,PO4obb9X,user
1467,mLbyLSq7,admin
1468,jtdeCHHW,staff
1469,1JGQQsmk,staff
1470,pEH07BdD,user
1471,rjRTpOgF,admin
1472,yal35Ac4,admin
1473,c3S7xoIL,staff
1474,1ZdoJCzH,admin
1475,hp7MUOQJ,staff
1476,yO3HCvq6,user
1477,mGqZb4Bu,user
1478,ZJIKGZbk,staff
1479,iWvUlwFN,admin
1480,Z4kXrdqJ,staff
1481,Kg0g3RLN,staff
1482,UegXfCC5,staff
1483,1Pl8GVFO,staff
1484,Ir2uwmda,staff
1485,uZBm3SPu,admin
1486,Onaox2bi,admin
1487,pKhS05I6,staff
1488,SkC9ymSt,staff
1489,resyP8p3,user
1490,hlTuzlAT,admin
1491,R858Bx9p,admin
1492,EWDPxZtB,staff
1493,CtbLkpoT,admin
1494,6lSzzimC,admin
1495,8urHRsLv,user
1496,XnkwUPte,staff
1497,O82rwidX,user
1498,zZkHKL9y,staff
1499,M2R0Ucwc,admin
1500,syC8NOKH,admin
1501,LxlLXo3t,staff
1502,FTqDI7Eo,admin
1503,ARaQilt0,staff
1504,iYQuDuAN,staff
1505,u2NQL3Ac,staff
1506,pGqJZQTe,user
1507,SuHH1HRK,admin
1508,NOwP697i,admin
1509,23Sxnabw,admin
1510,tyuWyfAW,user
1511,7Ee1B5EL,admin
1512,dRzqkoZB,user
1513,5nOp3NBv,staff
1514,nCYuZrmG,admin
1515,g0mdns3D,admin
1516,pm2KOMgv,admin
1517,kLJIvHwU,user
1518,OLTJtbDL,staff
1519,9KYAjRiL,staff
1520,d8zvWt3W,admin
1521,qADx3AFN,user
1522,hK6AWByS,user
1523,tyZ3lWjI,admin
1524,Ot9blFc8,user
1525,nlXTmIgO,staff
1526,1FZOKJ1F,user
1527,zvCpJ575,user
1528,p6MUoWJ4,user
1529,Q2tBPwPf,staff
1530,Swk7EGEW,admin
1531,8FPEpqTj,admin
1532,uQ1ItiEp,user
1533,Jq6d3asp,admin
1534,sOyGDIe1,admin
1535,hAtOsZxw,user
1536,rrHBAU39,user
1537,mJ6BUdLU,staff
1538,FUC7r8C7,user
1539,F0L4naCP,admin
1540,N309nElY,admin
1541,S18dWihd,admin
1542,MLHyiCFl,admin
1543,0UUoAKBV,user
1544,bpHv55Eu,user
1545,W9ePvhsU,user
1546,6ne7qsQk,user
1547,cA3kfRDM,staff
1548,atFrzhA3,staff
1549,Vrs5mCyq,user
1550,TOPcWT3e,user
1551,t1xAcsNF,user
1552,sDPGqZxW,user
1553,azQIcmmF,admin
1554,1fZfSaqN,admin
1555,CzEbZ6Nn,staff
1556,OL1O7VNZ,admin
1557,V6ncS3AU,staff
1558,tLi7GrYY,staff
1559,0arqWQ2b,user
1560,oyTod0i0,admin
1561,gRmz8Ujl,user
1562,ASiNE5uX,admin
1563,jgXL4lhA,staff
1564,cZMoZSMR,admin
1565,DdvQ8SBF,user
1566,STObdmnH,staff
1567,W23jqcrl,admin
1568,VqBlVsiy,user
1569,6ZmQqOfp,admin
1570,Fl5PXjZ0,admin
1571,MiThbmyu,staff
1572,YfVGAxUM,admin
1573,TF18vYBB,user
1574,3SoLOrU5,user
1575,dCbFVOmh,user
1576,LxCTZUn7,admin
1577,pZhBjFUT,admin
1578,4YgGSWAK,staff
1579,bkIB8RcL,staff
1580,2Suz1CiH,admin
1581,c3vgUcY2,user
1582,PprHGKZu,admin
1583,UCPjC7AZ,staff
1584,Z0VGo7TJ,user
1585,yDwlqg65,admin
1586,WoYRY4qR,staff
1587,0EnO6tTh,admin
1588,dbw7Mxdn,staff
1589,TgkBhx8k,staff
1590,BJsoJrnS,user
1591,LR8uzGW5,staff
1592,Z3UCS55d,staff
1593,twdI377q,staff
1594,h8p5hn4X,staff
1595,uHpI4CBp,user
1596,W6Zw09Mp,admin
1597,Hwfhl90K,user
1598,bN0I1lNb,staff
1599,C4Xzyfxd,admin
1600,8fiLADQY,staff
1601,wMTHKsnh,admin
1602,fOsn3j9e,admin
1603,fEQaerxf,user
1604,baHZ78Io,staff
1605,zhZbIoY4,user
1606,4el3biKn,staff
1607,EcF7zxCT,staff
1608,s9AZXZN5,staff
1609,SCImB512,user
1610,AN19h4fB,staff
1611,duRR7Bcg,admin
1612,AgymjXRo,user
1613,ZluFKIfM,staff
1614,3ttx1SUh,admin
1615,5n4Vyz93,admin
1616,RZR1ERyt,staff
1617,Wkm9az1Z,staff
1618,UgnMnyRB,user
1619,l6jO2KGj,staff
1620,4jZmSDdV,user
1621,USPr08Pp,user
1622,SZTkRVQ6,staff
1623,A20eSYRo,user
1624,VwhtIgTW,user
1625,TLeb1Oas,staff
1626,iilHZN1J,user
1627,u3iY9tjN,staff
1628,PDyVl7gL,staff
1629,QebLVyqD,staff
1630,YldAdHFx,user
1631,ai7TkJ70,admin
1632,x4AiREQB,admin
1633,gqjjo7Tk,staff
1634,vlXq64AS,user
1635,LxPOHsrj,admin
1636,duhFvctA,staff
1637,R4K7slrm,admin
1638,ZLx2no5o,user
1639,e223dLTG,user
1640,kajRkCCS,staff
1641,n7OdM0Vr,user
1642,urox70NI,staff
1643,kNgVzJok,admin
1644,fudYeBjt,admin
1645,yFIqvQ19,user
1646,ALT049kl,staff
1647,T21yYyLD,user
1648,8KNXPze1,staff
1649,zlk5aAQx,user
1650,rvPwMAIT,staff
1651,mjC4QiNH,admin
1652,1l5mTeDb,admin
1653,gkSJdXci,user
1654,rP6rt6oX,staff
1655,yTS2wd6Z,user
1656,afZl4uZ5,admin
1657,h6gNdclK,staff
1658,pOAAjlgu,admin
1659,r1mNWEwu,user
1660,XR7xyaY8,staff
1661,OmhnA9VU,admin
1662,347nJp1k,user
1663,keBqNK15,user
1664,IP1mWfhN,admin
1665,YDvidMoO,admin
1666,oxtAgqqa,admin
1667,tRVv8VGy,staff
1668,V5y8i1r3,admin
1669,hZIPeft2,user
1670,MqhwTS9M,user
1671,CMAWMPmr,user
1672,hvQrJD1Y,staff
1673,MtwjAeDh,user
1674,2jxtJOrt,admin
1675,uxa1UBL0,staff
1676,mH6JE3S8,staff
1677,jTiB4qS7,staff
1678,ZxfA3nO2,admin
1679,6RC1QuJW,user
1680,X1Q1KRHc,user
1681,gjk2lYJ7,admin
1682,6HGGZv2U,staff
1683,KdrOJjix,user
1684,J1aD1PvS,staff
1685,qbM5TCVH,admin
1686,xbQNuvgF,admin
1687,0uWSCDHE,user
1688,y9Dn1LkY,admin
1689,83oHjyOh,user
1690,VfzweYnw,admin
1691,cMi9qufX,user
1692,j1F2heQP,user
1693,TaV57w5q,admin
1694,NR1jTBMO,admin
1695,WRopAVUd,staff
1696,Gz3SHpCk,staff
1697,niKxE5tp,user
1698,jwgNrcv6,user
1699,TRKeqphm,admin
1700,hwJEpqpV,admin
1701,nDGFiG6w,staff
1702,ebPPG7Dm,user
1703,0RaO5q3I,user
1704,fe4gIZgm,staff
1705,xjLbUKb7,staff
1706,H09Aqg4i,user
1707,KKbYQ1WS,user
1708,zYZhYthm,admin
1709,dkwN9FQf,staff
1710,LMrgaHWr,admin
1711,eU6QsjPO,staff
1712,KoNIXW5W,admin
1713,swwHT4Fb,user
1714,QH5hSAeB,user
1715,9GAWPbLm,admin
1716,tG3OZFh1,user
1717,bOcWT5zb,user
1718,9aX1TdLc,admin
1719,vje7nFwJ,admin
1720,yCsIgdnm,user
1721,ryy11tyb,admin
1722,AcmuD8be,admin
1723,MCVY3d9Q,staff
1724,HUSC5N5C,user
1725,D9m6kUNX,admin
1726,YwFh2cIO,admin
1727,2WIClUqP,admin
1728,ge4ipOBp,staff
1729,C1DurjVu,user
1730,9aNOwbrI,admin
1731,7a7xRl7n,staff
1732,g4d8PtAL,staff
1733,o3evwBW7,admin
1734,GPNDWNWB,admin
1735,lDodatfK,user
1736,ww0QEUo2,user
1737,m6DuRd53,admin
1738,BcJdeUUO,staff
1739,rc7UcthW,staff
1740,Y4qC0ZWd,admin
1741,z7vP6J9H,staff
1742,9r33Y3AB,staff
1743,FRu4PFg3,admin
1744,ntJR1m5H,user
1745,quKBKF8c,user
1746,JgbxMXRt,admin
1747,lreY0QVE,admin
1748,h7v8KizL,user
1749,VdnfVj7f,staff
1750,btiXuW7N,admin
1751,gqFynA6c,staff
1752,hz8n8NOF,admin
1753,X9lNWgeP,user
1754,WBXKR7m6,staff
1755,C46M1hwf,staff
1756,CYJoNpGy,staff
1757,3TjNxMVI,user
1758,mcv0SoV4,admin
1759,qrjjQVNX,admin
1760,CVj0Wkus,user
1761,RpfvAUZm,admin
1762,6Nc9g2UC,admin
1763,7c7Mb2P6,admin
1764,94pdTH7S,admin
1765,8N8MFd9A,admin
1766,NnRrhSj0,user
1767,DjW1L0Ws,staff
1768,M1VZdeAC,admin
1769,zOR8H31L,admin
1770,bsF6Wfz5,user
1771,CyuJBDvj,admin
1772,REAXKa9D,user
1773,Og6Tp5T2,user
1774,Ivv3lut2,admin
1775,KpY09FlE,staff
1776,WAzaBbVA,staff
1777,cvpzUsjB,user
1778,47pATLSm,user
1779,HoILspnd,staff
1780,23w4wjUr,staff
1781,CWgZvVC1,user
1782,bGmZngkZ,user
1783,uNV9kpG6,staff
1784,cdikqVni,staff
1785,tdeAARBp,staff
1786,SvuuglIa,admin
1787,9DYSwXQ1,admin
1788,bISI7uOI,staff
1789,09qKT70p,user
1790,iTdVomAB,user
1791,1D49uNPb,staff
1792,uzvRaY6p,staff
1793,bUwUfqFZ,staff
1794,DBaYtW0V,staff
1795,kIzvlgfU,admin
1796,wllQjnXO,staff
1797,u2zxCD2U,admin
1798,sp5vmqt9,user
1799,4htr452m,staff
1800,P7ZcYWhH,staff
1801,9PZghjrE,user
1802,vEmUvYQa,user
1803,FT9Q8q3c,staff
1804,WeZloPlq,staff
1805,FzEFjn4Q,staff
1806,YsSPXYh5,user
1807,rw5bVtHj,user
1808,EInCjQfK,admin
1809,B3c9T9ls,user
1810,74nFG29X,admin
1811,OxL7feYe,admin
1812,JENicAVB,admin
1813,ADaZvbHG,staff
1814,GwULy1Cb,admin
1815,reG5fjGN,admin
1816,mE3S3fyp,admin
1817,WnO69BML,staff
1818,HnnI3c8W,admin
1819,SqHmQDZA,user
1820,0wfXUN1h,user
1821,yF6qsbbx,staff
1822,2kpbvofT,staff
1823,BB6aeFKU,admin
1824,apLnpglG,staff
1825,9mLw60IP,admin
1826,Sp6kfUkc,staff
1827,e4o6LP3Z,admin
1828,89CudhAn,admin
1829,oQERKfB6,staff
1830,HcQeqhCN,staff
1831,msOs8zUI,admin
1832,xHop87zb,staff
1833,13AtluOt,admin
1834,0J90iaRe,user
1835,4Kj8sg3F,user
1836,2I4dcaEn,user
1837,BaTmrhJp,admin
1838,7mJyi5Ah,admin
1839,SiAXo7ay,staff
1840,JQDQHp1l,user
1841,7HWsn4NR,admin
1842,OkvjMjYB,admin
1843,CrFPv9iM,user
1844,FuXnAPdC,staff
1845,xpghxyjN,staff
1846,muIGoAes,staff
1847,UP8MuNB3,admin
1848,GDWtmGh7,user
1849,f3byjJps,admin
1850,wNUo6Dl4,admin
1851,4y4aFURf,user
1852,iCE62RbR,user
1853,lanJOkFS,staff
1854,yVnqSuw3,user
1855,RFOdHRne,user
1856,LRb5Bwtq,user
1857,K0fDiHV4,user
1858,2TTKTYrH,staff
1859,OSnlJ1h0,admin
1860,4x8Ermcl,user
1861,CqDJPbbp,staff
1862,6m7k0lhp,staff
1863,uAxOOZSU,staff
1864,eCcnNdh7,user
1865,KmbiNrZs,staff
1866,2Gk6sG0m,staff
1867,Clnaqc78,user
1868,68CFZ2a8,admin
1869,xV0tXscm,user
1870,FRRldlV1,user
1871,nA4AD5Ti,admin
1872,BAvdo2qE,admin
1873,uYhWkwY0,staff
1874,xLeE0qZX,user
1875,BbOEoq12,admin
1876,Ig5C7zhD,admin
1877,4mMhQ9rS,user
1878,n5JklEd0,staff
1879,tksOFv29,user
1880,fx4KYfZd,staff
1881,cEEO3qyU,admin
1882,RiuMgaQ3,admin
1883,HYvQYFL5,staff
1884,wVbOWnZc,admin
1885,LOQLrGAv,staff
1886,dXSU6zVD,staff
1887,12DhkWPW,admin
1888,BTiEYA1B,user
1889,arXTXn6s,admin
1890,vLtzAq5H,user
1891,5ADfRVAq,staff
1892,IYG79Rwe,admin
1893,x1ozGA1P,admin
1894,t81DnN48,staff
1895,cwa5EAnO,staff
1896,cI7dft33,user
1897,Ai9N81Um,staff
1898,GwgmsfFT,staff
1899,4T0wBgZs,staff
1900,ws09UXXg,staff
1901,dksFyylx,user
1902,Uw7B5KSz,admin
1903,dIT3PpBP,staff
1904,UUTSgQPy,user
1905,D9V1ppp9,staff
1906,Ddz8c5lm,staff
1907,OYwz6QOO,staff
1908,PEEXBdLO,staff
1909,osem4K7f,user
1910,zKYpUOQu,user
1911,iIAIMKGb,staff
1912,ggAbNHfE,admin
1913,Om4gUNQJ,user
1914,krfCby0c,admin
1915,BhSkBZMZ,staff
1916,KKX4XoWX,admin
1917,yDdksXRy,user
1918,aINKLFcs,staff
1919,ZMCDHIYZ,admin
1920,7F9ZGjxR,staff
1921,1ODYQHsc,user
1922,pr1kf3h2,admin
1923,moiPZJl6,user
1924,bcjlDIdV,user
1925,w1t08geV,staff
1926,LGqmZvKo,admin
1927,sDsy3smd,admin
1928,ehczDQz3,staff
1929,9CM8qGo2,user
1930,IxmUjr5r,admin
1931,q6pHTmAF,staff
1932,3pyMhrch,user
1933,o0qnl5Dd,admin
1934,kVAxVepZ,user
1935,SnyUqc6z,staff
1936,yxw9SZuq,user
1937,xymIBZhf,user
1938,Mkq7p8Kc,admin
1939,xz75oUGE,user
1940,hlNqteXc,user
1941,Q6TIHr8n,admin
1942,xjg6kRGH,user
1943,t0dy5rPz,admin
1944,lOfauudc,admin
1945,u4F34Fwo,user
1946,ND1yPZ6P,admin
1947,9oL4lZiX,admin
1948,DENRmUzh,user
1949,BCVKxao1,staff
1950,C2uLZ0HO,admin
1951,60LcgGM2,admin
1952,dRKjMNm0,staff
1953,rF2Xk6FA,staff
1954,qVZSfkn5,staff
1955,I7f8oO7X,user
1956,7vR0evkP,staff
1957,vkaq0pB3,user
1958,sXkWOtOt,admin
1959,GNGTRVDB,user
1960,vvGJfKgl,user
1961,wyCOhf75,admin
1962,jyrj8uOL,admin
1963,3EKoL7in,user
1964,w06BHGOY,user
1965,69TJJRtl,admin
1966,y8x4gDrb,user
1967,pzfIv7YV,admin
1968,Mujqqb6f,user
1969,Mzrkwhf0,user
1970,8fzKVwk0,admin
1971,ncRFaXdH,admin
1972,SKb1ws0q,admin
1973,m1pO6wKy,staff
1974,3ggGD47Z,admin
1975,sYdqrers,user
1976,Fisp8Pd8,staff
1977,xDkuegAY,user
1978,8XHOiJ2O,user
1979,6mozBk79,user
1980,69cnRGaP,staff
1981,WTiRGBCp,admin
1982,c1CySbj0,admin
1983,iidANgD4,user
1984,8qQjIFTc,user
1985,mhXSmFGD,user
1986,6bAlJhqQ,admin
1987,ZBpLRVZe,admin
1988,yl5LEjNf,admin
1989,xGw93fth,user
1990,bUGpPJED,admin
1991,1DilRA2s,user
1992,KFaWO2nk,staff
1993,txz9AjOo,user
1994,yYtE9R2c,user
1995,Xomo7QqS,user
1996,mVSQtpGY,staff
1997,4XnHZ0de,admin
1998,KNKmF8e6,admin
1999,DuWRVZZd,user
